id;type;first_name;last_name;mid_name;phone_number;company_id;email;additional_details;driver_license;driver_passport
1;COMPANY_DRIVER;Hu;Vaughan;Keaton;(07) 0784 7769;3;gravida.sagittis@Ut.org;Aliquam fringilla cursus purus. Nullam scelerisque neque sed;Y4B 0E8;G6N 4G4
2;COMPANY_DRIVER;Davis;Nolan;Dieter;(01) 7156 3194;3;blandit.viverra.Donec@utmiDuis.com;Ut tincidunt orci quis lectus. Nullam suscipit, est;N5F 3F7;W2Q 4T9
3;COMPANY_DRIVER;Ralph;Trevor;Walter;(08) 9556 2400;4;Suspendisse.dui@diameudolor.edu;per;H8P 0B4;B2G 3Y9
4;COMPANY_MANAGER;Brennan;Garrison;Uriah;(07) 3680 9969;1;rutrum.justo.Praesent@neque.org;eget, venenatis a, magna.;P2H 3M8;M8Q 1O7
5;COMPANY_DRIVER;Julian;Dexter;Kenneth;(02) 7561 5065;2;lorem.vitae.odio@egestasligulaNullam.com;non, egestas a, dui. Cras pellentesque.;I3U 6R3;Q2E 6F9
6;COMPANY_DRIVER;Ryder;Griffith;Elvis;(01) 5446 5705;1;lorem@consectetuer.org;iaculis enim, sit amet ornare lectus justo eu;R4D 1D8;H1Q 9S4
7;COMPANY_MANAGER;Arden;Lev;Kyle;(03) 0815 8889;3;Nullam.suscipit.est@Nulla.com;est mauris, rhoncus id, mollis nec,;Q7D 7K8;W3F 7Z9
8;COMPANY_DRIVER;Vance;Luke;George;(07) 6016 2466;4;felis@turpisegestas.co.uk;vel, venenatis vel, faucibus id, libero. Donec consectetuer mauris id;L5F 3M8;E0C 1K1
9;COMPANY_MANAGER;Vincent;Phillip;Ahmed;(03) 2727 7690;3;dui.Cum@fermentumconvallis.co.uk;molestie sodales. Mauris blandit enim consequat purus. Maecenas libero est,;P8F 1G3;J6I 0A7
10;COMPANY_MANAGER;Conan;Sylvester;Linus;(08) 0838 5394;4;lobortis@urna.net;ante. Nunc mauris sapien, cursus in, hendrerit consectetuer,;C6Q 4J3;L2U 3D0
11;COMPANY_DRIVER;Ignatius;Troy;Kato;(01) 6339 4506;2;risus.Nulla.eget@velitSedmalesuada.ca;In;U8G 7L7;B8X 8G2
12;COMPANY_MANAGER;Noah;Jordan;Upton;(04) 9519 1584;2;vitae.aliquam.eros@tellus.com;ut, pellentesque eget, dictum placerat, augue. Sed;I5N 4X2;A2F 4I1
13;COMPANY_DRIVER;Harrison;Harrison;Oleg;(08) 7213 8641;2;Nunc@semper.com;lacus. Nulla tincidunt, neque vitae semper egestas, urna justo;B2S 8G5;J1I 7M0
14;COMPANY_DRIVER;Amos;Yoshio;Ryder;(04) 9792 4182;1;volutpat@auctor.org;orci lobortis;I4E 0G7;M7A 4X3
15;COMPANY_MANAGER;Ezra;Yoshio;Ferris;(03) 6730 3286;1;ut@libero.ca;ut ipsum ac mi eleifend egestas. Sed pharetra, felis eget;N6V 2S1;V1V 7V0
16;COMPANY_DRIVER;Grant;Igor;George;(02) 9359 0744;3;magna.Suspendisse@at.ca;congue, elit;R1X 3G8;P5C 1W2
17;COMPANY_MANAGER;Baxter;Bruce;Avram;(05) 2361 3272;3;pellentesque.tellus.sem@velmaurisInteger.edu;egestas rhoncus. Proin nisl;Z1B 3Y8;N7W 8L2
18;COMPANY_DRIVER;Guy;Sylvester;Quinn;(03) 2164 0368;4;Vivamus.nisi@estmauris.com;condimentum eget, volutpat ornare, facilisis eget, ipsum.;L5M 6J3;K5U 4I4
19;COMPANY_DRIVER;Nathan;Grant;Guy;(08) 5658 3251;1;elit.pretium@adipiscingMauris.com;sit amet, risus. Donec nibh enim, gravida;H4N 9T2;F6U 8M4
20;COMPANY_MANAGER;Grady;Hakeem;Nissim;(04) 2008 3506;2;lectus.justo@magnaPraesent.edu;rutrum, justo. Praesent luctus.;L4N 6R4;Y8T 3V3
21;COMPANY_MANAGER;Fulton;Ralph;Omar;(01) 4534 9535;3;sodales.Mauris@mauris.com;gravida mauris ut mi.;S6X 7W8;T1L 3C5
22;COMPANY_DRIVER;Lane;Merritt;Jameson;(05) 7601 4520;4;placerat.eget.venenatis@Maurisquis.org;ac sem ut dolor dapibus gravida.;B4Z 7G9;O2X 6G5
23;COMPANY_MANAGER;Reed;Hilel;Grant;(08) 6788 7502;4;facilisis.non.bibendum@auctor.co.uk;elit sed consequat auctor, nunc;N8Y 4U1;Y7W 2L7
24;COMPANY_DRIVER;Herrod;Eagan;Micah;(08) 9516 6264;1;consequat@auctorquistristique.edu;cursus.;F0Q 9C1;D1X 7E7
25;COMPANY_DRIVER;George;Carson;Vernon;(08) 2402 0613;4;Cras@mollisdui.co.uk;vel, venenatis vel, faucibus id, libero. Donec consectetuer mauris;G0D 6M3;Q5Q 7J8
26;COMPANY_MANAGER;Gavin;Keane;Colorado;(03) 2586 7104;3;eget.massa.Suspendisse@mauriserateget.co.uk;lacus. Mauris non dui nec urna;U4N 5M9;F2C 5K9
27;COMPANY_DRIVER;Allistair;Jamal;Jelani;(02) 4328 1880;3;Proin.mi.Aliquam@etmagnisdis.edu;ut, pellentesque eget, dictum placerat, augue. Sed molestie.;A5S 8I6;I3K 9M5
28;COMPANY_DRIVER;Colorado;Gareth;Dennis;(03) 1069 3694;4;magna.nec@Nuncmauriselit.org;turpis. Aliquam adipiscing lobortis risus.;P9W 3C9;T4I 3J8
29;COMPANY_MANAGER;Patrick;Malcolm;Jamal;(02) 1649 8538;2;tellus.non@consectetuereuismod.ca;dolor. Nulla semper tellus id nunc interdum feugiat. Sed;B6T 5C5;Y0I 3O5
30;COMPANY_DRIVER;Fitzgerald;Cedric;Jin;(01) 0259 0410;4;a.dui@tristiquesenectuset.co.uk;odio vel;R8E 1U5;K8U 4H1
31;COMPANY_MANAGER;Wang;Beck;Cody;(06) 6307 0060;4;dui.Suspendisse@aliquetnecimperdiet.org;vel arcu eu odio tristique;K5Y 5Z3;D6L 3L6
32;COMPANY_DRIVER;Dustin;Aquila;Chadwick;(07) 7125 4147;4;aliquam.eu@Maurisquis.co.uk;elit. Etiam laoreet, libero et tristique;Q0Q 7H7;O9O 7H7
33;COMPANY_DRIVER;Reece;Len;Malik;(09) 2037 1504;4;Curabitur.consequat.lectus@dignissimpharetraNam.com;quis, tristique ac, eleifend vitae,;S6X 5U2;C5Q 9A2
34;COMPANY_MANAGER;Elton;Orlando;Kennedy;(05) 5315 4729;4;morbi.tristique.senectus@nibhenim.net;sit amet;R4T 3B9;B5C 5O0
35;COMPANY_DRIVER;Jerome;Jarrod;Denton;(08) 8084 4033;3;elit.Etiam.laoreet@loremegetmollis.com;Vestibulum ante ipsum primis in faucibus orci;S2L 8R5;Z9W 0R2
36;COMPANY_DRIVER;Porter;Thaddeus;Ian;(03) 6231 2855;1;vitae.orci@libero.edu;Suspendisse non leo.;S4N 9L4;P3T 1L8
37;COMPANY_DRIVER;William;Raphael;Kasimir;(06) 5675 1711;4;varius.orci.in@luctus.com;consequat auctor,;N0E 4O8;M2L 6W5
38;COMPANY_MANAGER;Mark;Tanek;Hedley;(04) 4087 5983;2;ligula@Aeneanegetmagna.ca;eget nisi dictum augue;W6O 1P9;S8L 0F2
39;COMPANY_DRIVER;Zachary;Harrison;Reuben;(03) 4509 8918;3;mollis.Integer.tincidunt@aliquamiaculislacus.ca;sem mollis;U6S 8V3;Q9L 9Z7
40;COMPANY_MANAGER;Kelly;Edward;Reed;(06) 4280 1154;3;lobortis.tellus@Sed.com;erat vitae risus. Duis a;X2O 8C4;Y6C 5M8
41;COMPANY_DRIVER;Samuel;Boris;Kenneth;(06) 9676 9205;2;eu.odio@Sed.org;eget ipsum.;X2C 2H1;W6R 0B6
42;COMPANY_MANAGER;Arden;Tad;Gareth;(07) 2530 4749;1;dui@nonummyutmolestie.ca;Aliquam auctor, velit eget laoreet posuere, enim nisl elementum purus,;T2S 0Q2;Q9L 5P7
43;COMPANY_DRIVER;Abdul;Alden;Bruno;(05) 4326 0947;2;urna.Ut@atpede.com;odio. Aliquam vulputate;O0W 9J6;X0K 8Q1
44;COMPANY_MANAGER;Joseph;Tanner;Justin;(02) 0471 4961;2;magna@nibhlacinia.com;Proin ultrices. Duis volutpat nunc;X8A 6Q1;D2R 9N5
45;COMPANY_DRIVER;Magee;Dale;Fletcher;(07) 5485 6861;3;magna.Phasellus@tristiquepharetraQuisque.net;"cubilia Curae; Phasellus ornare. Fusce mollis. Duis sit amet diam";Q3D 9C7;I5E 5X2
46;COMPANY_MANAGER;Ivor;Kermit;Ezekiel;(03) 0750 4784;4;at.iaculis@arcuacorci.org;rhoncus;D0Q 0X5;Q2Z 2T1
47;COMPANY_DRIVER;Emerson;Nasim;Nicholas;(02) 8968 6683;4;Cum@aliquetliberoInteger.edu;ipsum dolor sit amet, consectetuer adipiscing elit. Etiam laoreet, libero;Z9B 7N3;H8I 3T0
48;COMPANY_DRIVER;Wing;Bernard;Brody;(02) 8196 1599;1;molestie.tellus.Aenean@Integerin.net;Fusce aliquet;W3T 5C6;N6U 4R4
49;COMPANY_DRIVER;Paki;Brennan;Rooney;(09) 6366 1482;3;metus@dignissimmagnaa.com;faucibus leo, in lobortis tellus justo;E2P 6O0;P7S 6T0
50;COMPANY_MANAGER;Hashim;Benjamin;Troy;(09) 4167 2690;4;ipsum@magna.com;hymenaeos. Mauris ut quam vel sapien;H1P 0H7;Y1P 6J8
51;COMPANY_DRIVER;Shad;Chaney;Dustin;(05) 9587 5663;2;tristique.senectus.et@neque.com;tellus. Aenean egestas hendrerit;P2U 7A7;V9T 1W0
52;COMPANY_DRIVER;Alec;Carson;Palmer;(04) 3359 2736;3;consequat.lectus@facilisis.com;ultrices sit amet, risus. Donec nibh enim,;W9J 0O8;W4F 6X1
53;COMPANY_MANAGER;Lance;Phelan;Scott;(03) 3590 4514;4;magnis.dis@Donec.ca;magna. Nam ligula elit, pretium;J4E 4L0;Q8C 7O1
54;COMPANY_DRIVER;Caesar;Noble;Jerome;(01) 9605 1124;2;sapien@et.co.uk;elementum, dui quis accumsan convallis, ante lectus convallis est,;P4A 0Y3;H2P 6H5
55;COMPANY_MANAGER;Noah;Charles;Moses;(05) 8799 0159;4;mattis@parturient.edu;orci luctus et ultrices;O7Z 1H6;I5O 6P5
56;COMPANY_MANAGER;Patrick;Chaney;Kyle;(02) 8125 6323;4;ipsum.sodales@Aeneaneuismod.ca;ipsum non;O7V 2C7;Q5R 0E9
57;COMPANY_MANAGER;Rudyard;Tanek;Xavier;(08) 1799 5752;1;tortor.Integer.aliquam@etlibero.co.uk;Nullam velit dui, semper et, lacinia;N3C 0X7;C5B 1X4
58;COMPANY_DRIVER;Wayne;Allistair;Baker;(09) 8712 2551;4;gravida.sit@liberoestcongue.com;Nullam feugiat placerat velit. Quisque varius.;W8P 8C7;Y4B 8P4
59;COMPANY_DRIVER;Dante;Alec;Darius;(02) 1585 3707;1;Etiam.imperdiet@cursuset.ca;sit amet massa.;K9P 4Q0;O5C 1B9
60;COMPANY_MANAGER;Abel;Channing;Andrew;(09) 2028 8925;2;cursus@scelerisque.org;vel, faucibus;X1E 8N5;V7S 0C2
61;COMPANY_DRIVER;Stephen;Harding;Chaim;(02) 1544 4966;2;velit.egestas@Nunc.co.uk;parturient montes, nascetur ridiculus mus. Aenean eget magna.;Z5W 8I9;G4N 9L0
62;COMPANY_DRIVER;Ignatius;Lamar;Thane;(01) 9143 4971;3;Aenean.euismod@turpisnec.co.uk;vel turpis. Aliquam;U4E 0K2;P3C 6U4
63;COMPANY_DRIVER;Garrett;Joel;Jin;(03) 0688 8441;3;vitae@at.edu;eget, venenatis a, magna. Lorem ipsum dolor sit amet, consectetuer;M1O 3M3;S1P 5F3
64;COMPANY_MANAGER;Zeph;Caleb;Vladimir;(09) 0664 4376;3;eu@elitsedconsequat.ca;natoque penatibus et magnis;H4P 7B9;V1A 8X7
65;COMPANY_DRIVER;Elliott;Kermit;Jermaine;(01) 1889 6156;2;habitant.morbi@felisorciadipiscing.co.uk;non, dapibus rutrum, justo.;W9Y 7C1;E3B 6P6
66;COMPANY_DRIVER;Avram;Wylie;Colin;(07) 1884 3056;2;blandit@etultrices.ca;lacus, varius et, euismod et,;O9H 9T8;H6L 7I1
67;COMPANY_MANAGER;Isaac;Barry;Linus;(02) 9702 2348;4;Nullam.nisl.Maecenas@etnuncQuisque.edu;sollicitudin orci sem eget massa.;B2N 4F3;K9Q 5E7
68;COMPANY_DRIVER;Lamar;Bernard;Ezra;(07) 1984 8562;1;gravida@urnaNullamlobortis.co.uk;elementum, dui;U2A 6X3;U9O 6Y0
69;COMPANY_DRIVER;Tate;Blake;Allen;(08) 5216 8184;3;quam.elementum.at@congueturpisIn.com;elit. Curabitur sed tortor.;E2Q 5A0;I1J 4O1
70;COMPANY_MANAGER;Anthony;Dane;Rahim;(06) 1445 3655;4;et.malesuada.fames@est.com;amet nulla. Donec non justo. Proin non massa;Z0E 0T9;P6X 6N8
71;COMPANY_DRIVER;Ezra;Daquan;Elvis;(07) 2225 3863;3;Vestibulum@orciPhasellusdapibus.edu;Phasellus elit pede, malesuada vel, venenatis vel,;Z6L 5E7;U9N 0Z2
72;COMPANY_MANAGER;Coby;Brent;Kennan;(05) 3916 2465;2;luctus.lobortis@Duisac.edu;Donec vitae erat vel pede blandit congue. In;J9Z 2G4;T4E 8T4
73;COMPANY_DRIVER;Nasim;Elvis;Ishmael;(06) 7896 4236;3;id.mollis.nec@tempordiamdictum.edu;tellus lorem eu metus. In lorem. Donec elementum,;M2R 7J6;J4B 7K3
74;COMPANY_DRIVER;Vernon;Wang;Erich;(02) 3366 9743;1;nibh@porttitorinterdum.com;tempor erat neque non quam. Pellentesque habitant;W1E 3I2;N7C 7I3
75;COMPANY_MANAGER;Evan;Jasper;Berk;(06) 2998 1156;2;Etiam.ligula.tortor@vestibulumneque.org;et arcu imperdiet ullamcorper. Duis at lacus.;B2J 1Z6;H9B 9H7
76;COMPANY_MANAGER;Malcolm;Dorian;Hunter;(06) 8124 9270;4;urna@idsapienCras.co.uk;sagittis semper. Nam tempor;X6I 3A4;Z4F 8M0
77;COMPANY_DRIVER;Lane;Calvin;Calvin;(04) 2059 8031;3;ac.risus@turpis.ca;faucibus. Morbi vehicula. Pellentesque tincidunt tempus risus. Donec egestas.;O2M 4M0;R8X 2U3
78;COMPANY_DRIVER;Macaulay;August;Nash;(08) 5195 5434;2;vestibulum.neque@Cumsociisnatoque.edu;Lorem ipsum dolor sit amet, consectetuer;F8R 8X5;U1R 1L7
79;COMPANY_MANAGER;Yardley;Berk;Ciaran;(06) 5361 8858;4;commodo.ipsum@nisinibh.ca;elit sed consequat auctor, nunc nulla vulputate dui,;B5Z 7J3;H6W 9Z5
80;COMPANY_DRIVER;Dalton;Galvin;Cruz;(05) 3807 9860;4;accumsan.sed@dictum.co.uk;pellentesque massa lobortis ultrices.;E6F 0V7;D0R 6Z2
81;COMPANY_DRIVER;Christian;Ferdinand;Joseph;(07) 5918 1014;3;mi.felis.adipiscing@tempuseuligula.net;egestas blandit. Nam nulla magna, malesuada vel, convallis;D9X 2B7;E3C 8G9
82;COMPANY_MANAGER;Reese;Luke;Adrian;(02) 0822 6010;1;gravida.mauris@Craslorem.net;egestas a, scelerisque sed,;Q7O 5D1;N0D 6S8
83;COMPANY_DRIVER;Derek;Devin;Flynn;(09) 9227 7152;4;amet@lacus.net;quam dignissim pharetra. Nam;U7P 4C6;M4X 9L8
84;COMPANY_MANAGER;Kaseem;Castor;Grady;(07) 4300 7197;2;id@acmattisornare.net;molestie;V0C 7G2;U7M 6R1
85;COMPANY_MANAGER;Dylan;Mason;Lewis;(08) 1610 8443;1;fermentum.arcu.Vestibulum@sedtortorInteger.net;euismod mauris eu;T1G 2Q3;J6J 3J9
86;COMPANY_DRIVER;Wayne;Conan;Colt;(02) 7124 5285;2;Donec.est.Nunc@Fusce.edu;Suspendisse sed dolor. Fusce mi lorem,;E5T 0T7;H5M 8O9
87;COMPANY_DRIVER;Cody;Mason;Xanthus;(01) 9751 9613;2;dictum@imperdietullamcorper.co.uk;Quisque libero lacus, varius et, euismod et, commodo;L4L 4O5;N9O 3R9
88;COMPANY_MANAGER;Oscar;Hilel;Wyatt;(05) 5142 8516;1;condimentum.Donec@nequeseddictum.co.uk;fames ac turpis egestas. Aliquam fringilla cursus purus.;E5A 0R4;I0J 5K3
89;COMPANY_DRIVER;Vincent;Maxwell;Judah;(09) 4713 4493;2;lorem.tristique@Sedpharetra.edu;placerat, augue. Sed molestie. Sed id risus;S5Y 9M2;T0X 9F2
90;COMPANY_MANAGER;Melvin;Dolan;Holmes;(07) 1430 4881;4;auctor.vitae@Sed.net;justo nec ante. Maecenas mi felis, adipiscing fringilla, porttitor;R1U 6A4;S7P 0M5
91;COMPANY_DRIVER;Wade;Coby;Jonah;(06) 4308 5171;1;non.leo@accumsan.ca;cursus luctus, ipsum leo;H4V 6O3;L6C 8H0
92;COMPANY_MANAGER;Hiram;Travis;Jamal;(09) 5936 7780;2;torquent.per@semvitaealiquam.ca;nibh. Quisque nonummy ipsum non arcu. Vivamus;J3Y 7L1;R7T 7W7
93;COMPANY_DRIVER;Louis;Kato;Nolan;(06) 7091 2545;4;aliquet.libero@mauriserateget.edu;semper auctor. Mauris;M5Y 9H8;B6A 5E8
94;COMPANY_MANAGER;David;Kirk;Coby;(08) 6063 9744;4;tellus.Suspendisse@ullamcorpervelit.org;urna et arcu imperdiet ullamcorper.;F6H 6R4;T3F 5U5
95;COMPANY_DRIVER;Ronan;Cullen;Chaney;(05) 4895 2798;4;libero@acrisusMorbi.com;lorem. Donec elementum,;D1A 3R3;W6Z 3O4
96;COMPANY_MANAGER;Rashad;Lucas;Orson;(01) 4996 2517;4;at.auctor.ullamcorper@Nam.ca;eu lacus. Quisque imperdiet,;L1I 2C6;D5V 6P0
97;COMPANY_DRIVER;Dennis;Mark;Axel;(07) 7541 5622;1;amet.lorem@convallisestvitae.edu;a, magna. Lorem ipsum dolor sit amet,;X4M 9W9;J2C 1A2
98;COMPANY_DRIVER;Joseph;Reed;Lester;(05) 4133 9409;4;dictum@Duis.co.uk;nulla. Donec non justo. Proin non massa non;P0G 2Z7;G4C 1E5
99;COMPANY_DRIVER;Gary;Deacon;Flynn;(05) 1867 6034;1;dignissim.magna@consequat.ca;amet;O4E 6Z6;K4C 1S2
100;COMPANY_DRIVER;Dean;Ryder;Len;(06) 4428 1591;3;ullamcorper@euismodurna.ca;augue;T7Q 1Z4;C1Y 6E5
